{
  "eye": {
    "orientation": [
      0.8821909427642822,
      0.24134035408496857,
      0.10669495910406113,
      0.39001306891441345
    ],
    "magnitude": 0.5773502588272095,
    "position": [
      16.2829647064209,
      -27.56524658203125,
      -29.155078887939453
    ]
  },
  "radius": 25,
  "type": "ORTHOGRAPHIC"
}