{
  "eye": {
    "orientation": [
      0.24534864723682404,
      0.1274484097957611,
      0.4430060088634491,
      0.8528227806091309
    ],
    "magnitude": 0.5773502588272095,
    "position": [
      18.823890686035156,
      -13.23126220703125,
      36.682342529296875
    ]
  },
  "radius": 25,
  "type": "ORTHOGRAPHIC"
}