{
  "eye": {
    "orientation": [
      0.359784871339798,
      0.3332716226577759,
      0.592225968837738,
      0.6393381953239441
    ],
    "magnitude": 0.49152982234954834,
    "position": [
      51.31722640991211,
      -3.1990251541137695,
      13.916625022888184
      0.28345754742622375,
      0.369407057762146,
      0.7021043300628662,
      0.5387390851974487
    ]
  },
  "radius": 21.21320343017578,
  "type": "ORTHOGRAPHIC"
}
