{
  "eye": {
    "orientation": [
      0.34987157583236694,
      0.211351677775383,
      0.4718969464302063,
      0.7811746001243591
    ],
    "magnitude": 0.32290685176849365,
    "position": [
      28.59545135498047,
      -15.036911010742188,
      28.830467224121094
    ]
  },
  "radius": 25,
  "type": "ORTHOGRAPHIC"
}