{
  "eye": {
    "orientation": [
      -0.5434020757675171,
      -0.13498196005821228,
      -0.1997433751821518,
      -0.8041123151779175
    ],
    "magnitude": 0.5773502588272095,
    "position": [
      18.80324935913086,
      -35.526981353759766,
      16.102052688598633
    ]
  },
  "radius": 25,
  "type": "ORTHOGRAPHIC"
}