{
  "eye": {
    "orientation": [
      0.4059581458568573,
      0.2636320888996124,
      0.4765821099281311,
      0.7338703870773315
    ],
    "magnitude": 0.2955572307109833,
    "position": [
      41.974300384521484,
      -5.576918601989746,
      24.820796966552734
    ]
  },
  "radius": 21.21320343017578,
  "type": "ORTHOGRAPHIC"
}