{
  "eye": {
    "orientation": [
      0.4593556523323059,
      0.13737653195858002,
      0.25144410133361816,
      0.8407710790634155
    ],
    "magnitude": 0.5773502588272095,
    "position": [
      20.001251220703125,
      -30.447311401367188,
      23.407485961914062
    ]
  },
  "radius": 25,
  "type": "ORTHOGRAPHIC"
}