{
  "eye": {
    "orientation": [
      0.4505855143070221,
      0.028073541820049286,
      0.05548568442463875,
      0.8905649781227112
    ],
    "magnitude": 0.5773502588272095,
    "position": [
      4.3330078125,
      -34.614540100097656,
      25.652677536010742
    ]
  },
  "radius": 25,
  "type": "ORTHOGRAPHIC"
}