{
  "eye": {
    "orientation": [
      0.7049850225448608,
      0.08873452246189117,
      0.08787249028682709,
      0.6981409192085266
    ],
    "magnitude": 0.5773502588272095,
    "position": [
      10.960293769836426,
      -34.340267181396484,
      -10.3934907913208
    ]
  },
  "radius": 21.21320343017578,
  "type": "ORTHOGRAPHIC"
}