{
  "eye": {
    "orientation": [
      0.3691352903842926,
      0.15290090441703796,
      0.3508099615573883,
      0.8469314575195312
    ],
    "magnitude": 0.32839682698249817,
    "position": [
      33.71783447265625,
      -16.929954528808594,
      25.06715202331543
    ]
  },
  "radius": 25,
  "type": "ORTHOGRAPHIC"
}