{
  "eye": {
    "orientation": [
      0,
      0,
      0,
      1
    ],
    "magnitude": 0.5773502588272095,
    "position": [
      0,
      0,
      43.30126953125
    ]
  },
  "radius": 25,
  "type": "ORTHOGRAPHIC"
}