{
  "eye": {
    "orientation": [
      0.37569186091423035,
      0.13948281109333038,
      0.31888413429260254,
      0.8589023351669312
    ],
    "magnitude": 0.5514054298400879,
    "position": [
      29.89209747314453,
      -17.24689292907715,
      28.5515079498291
    ]
  },
  "radius": 25,
  "type": "ORTHOGRAPHIC"
}