{
  "eye": {
    "orientation": [
      0.47692328691482544,
      0.014987955801188946,
      0.027604203671216965,
      0.8783835172653198
    ],
    "magnitude": 0.2652648091316223,
    "position": [
      16.399085998535156,
      -35.73490905761719,
      22.997220993041992
    ]
  },
  "radius": 25,
  "type": "ORTHOGRAPHIC"
}