{
  "eye": {
    "orientation": [
      0.2586261034011841,
      0.29531797766685486,
      0.6919060945510864,
      0.6059421300888062
    ],
    "magnitude": 0.44980382919311523,
    "position": [
      32.76478576660156,
      -11.320762634277344,
      30.24799919128418
    ]
  },
  "radius": 25,
  "type": "ORTHOGRAPHIC"
}