{
  "eye": {
    "orientation": [
      0.584879994392395,
      0.22100766003131866,
      0.2758624255657196,
      0.730048656463623
    ],
    "magnitude": 0.0667768344283104,
    "position": [
      43.618927001953125,
      -17.10979652404785,
      8.05201244354248
    ]
  },
  "radius": 21.21320343017578,
  "type": "ORTHOGRAPHIC"
}