{
  "eye": {
    "orientation": [
      0.33938494324684143,
      0.31537526845932007,
      0.603257417678833,
      0.6491817235946655
    ],
    "magnitude": 0.2955571413040161,
    "position": [
      46.3038330078125,
      14.784128189086914,
      24.29352569580078
    ]
  },
  "radius": 21.21320343017578,
  "type": "ORTHOGRAPHIC"
}