{
  "eye": {
    "orientation": [
      0.5388320684432983,
      0.13534529507160187,
      0.2025585174560547,
      0.8064191341400146
    ],
    "magnitude": 0.5773502588272095,
    "position": [
      21.891658782958984,
      -33.354705810546875,
      7.345625400543213
    ]
  },
  "radius": 21.21320343017578,
  "type": "ORTHOGRAPHIC"
}