{
  "eye": {
    "orientation": [
      0.28345754742622375,
      0.369407057762146,
      0.7021043300628662,
      0.5387390851974487
    ],
    "magnitude": 0.42205777764320374,
    "position": [
      43.84334945678711,
      20.086402893066406,
      25.09039878845215
    ]
  },
  "radius": 21.21320343017578,
  "type": "ORTHOGRAPHIC"
}